<environmentvariabledefinition schemaname="new_TeamsvoicemanagementSPSite">
  <description default="SharePoint Site name containing the content for the application">
    <label description="SharePoint Site name containing the content for the application" languagecode="1033" />
  </description>
  <displayname default="VAR - TeamsvoicemanagementSPSite">
    <label description="VAR - TeamsvoicemanagementSPSite" languagecode="1033" />
  </displayname>
  <introducedversion>1.0.0.0</introducedversion>
  <iscustomizable>1</iscustomizable>
  <isrequired>0</isrequired>
  <secretstore>0</secretstore>
  <type>100000000</type>
</environmentvariabledefinition>